rating_id,idea_id,arm,call
R01,persona_2_4,persona,2
R02,verbalized_sampling_2_2,verbalized_sampling,2
R03,verbalized_sampling_6_3,verbalized_sampling,6
R04,distant_paragraph_7_0,distant_paragraph,7
R05,distant_paragraph_3_4,distant_paragraph,3
R06,poem_7_4,poem,7
R07,verbalized_sampling_1_3,verbalized_sampling,1
R08,distant_paragraph_1_1,distant_paragraph,1
R09,plain_6_3,plain,6
R10,distant_paragraph_2_2,distant_paragraph,2
R11,poem_2_4,poem,2
R12,persona_4_1,persona,4
R13,persona_3_0,persona,3
R14,poem_7_3,poem,7
R15,random_tokens_0_0,random_tokens,0
R16,plain_1_4,plain,1
R17,random_tokens_4_4,random_tokens,4
R18,persona_7_3,persona,7
R19,persona_0_4,persona,0
R20,distant_paragraph_5_4,distant_paragraph,5
R21,verbalized_sampling_2_0,verbalized_sampling,2
R22,verbalized_sampling_4_4,verbalized_sampling,4
R23,poem_6_2,poem,6
R24,plain_0_0,plain,0
R25,verbalized_sampling_5_4,verbalized_sampling,5
R26,random_tokens_1_4,random_tokens,1
R27,random_tokens_4_2,random_tokens,4
R28,poem_3_0,poem,3
R29,verbalized_sampling_7_4,verbalized_sampling,7
R30,random_tokens_0_3,random_tokens,0
R31,plain_3_3,plain,3
R32,poem_3_3,poem,3
R33,distant_paragraph_0_3,distant_paragraph,0
R34,poem_0_2,poem,0
R35,verbalized_sampling_3_3,verbalized_sampling,3
R36,distant_paragraph_5_1,distant_paragraph,5
R37,persona_1_1,persona,1
R38,random_tokens_3_1,random_tokens,3
R39,random_tokens_7_4,random_tokens,7
R40,plain_3_2,plain,3
R41,verbalized_sampling_1_2,verbalized_sampling,1
R42,random_tokens_2_4,random_tokens,2
R43,persona_6_1,persona,6
R44,poem_5_1,poem,5
R45,random_tokens_6_0,random_tokens,6
R46,plain_4_2,plain,4
R47,poem_4_1,poem,4
R48,persona_4_4,persona,4
R49,plain_7_0,plain,7
R50,distant_paragraph_6_4,distant_paragraph,6
R51,verbalized_sampling_0_0,verbalized_sampling,0
R52,persona_5_3,persona,5
R53,plain_2_3,plain,2
R54,distant_paragraph_3_0,distant_paragraph,3
R55,persona_3_4,persona,3
R56,plain_5_3,plain,5
R57,distant_paragraph_4_4,distant_paragraph,4
R58,poem_1_4,poem,1
R59,random_tokens_5_1,random_tokens,5
R60,plain_1_0,plain,1
