pass,idea_id,novelty,usefulness,forced_reference
0,verbalized_sampling_2_0,1,5,0
0,distant_paragraph_2_2,2,5,0
0,random_tokens_required_3_4,3,4,0
0,plain_7_1,2,5,0
0,random_tokens_required_0_3,1,5,0
0,poem_required_3_2,2,5,0
0,persona_1_1,5,2,0
0,poem_required_6_4,3,4,0
0,random_tokens_2_2,2,5,0
0,distant_paragraph_required_0_1,1,5,0
0,plain_0_1,2,5,0
0,poem_5_0,1,5,0
0,persona_7_0,4,4,1
0,distant_paragraph_required_6_3,3,4,1
0,random_tokens_4_4,2,4,0
0,poem_required_6_0,1,4,1
0,plain_2_3,3,4,0
0,distant_paragraph_required_2_0,3,4,1
0,distant_paragraph_3_2,2,5,0
0,distant_paragraph_3_3,2,4,0
0,distant_paragraph_required_7_1,2,5,0
0,poem_3_0,1,5,0
0,persona_7_2,3,5,0
0,random_tokens_5_1,2,5,0
0,persona_5_1,4,3,0
0,distant_paragraph_required_7_3,2,4,0
0,distant_paragraph_required_7_4,3,4,1
0,random_tokens_4_3,2,4,0
0,random_tokens_6_2,1,4,0
0,verbalized_sampling_5_1,2,5,0
0,persona_4_4,4,2,0
0,verbalized_sampling_1_3,1,3,0
0,poem_required_2_2,2,4,1
0,distant_paragraph_6_3,3,5,0
0,persona_0_0,4,4,0
0,persona_6_4,3,4,0
0,plain_3_1,1,5,0
0,poem_required_4_2,2,4,1
0,verbalized_sampling_3_3,2,3,0
0,verbalized_sampling_1_2,1,3,0
0,distant_paragraph_7_4,2,4,0
0,random_tokens_0_4,3,3,0
0,plain_2_1,2,5,0
0,random_tokens_0_2,1,4,0
0,distant_paragraph_required_0_4,3,3,0
0,poem_required_7_3,4,3,1
0,distant_paragraph_required_0_2,3,4,0
0,random_tokens_6_4,3,3,0
0,distant_paragraph_required_5_2,2,5,1
0,plain_1_4,3,3,0
0,random_tokens_required_5_4,4,3,1
0,poem_6_4,1,4,0
0,verbalized_sampling_2_1,1,5,0
0,distant_paragraph_required_5_3,3,3,1
0,persona_2_1,4,3,0
0,random_tokens_required_3_1,2,5,0
0,poem_required_0_3,3,4,0
0,plain_5_2,4,4,0
0,plain_6_2,2,3,0
0,random_tokens_5_4,4,4,0
0,verbalized_sampling_0_0,1,3,0
0,distant_paragraph_required_3_0,2,5,0
0,random_tokens_required_7_3,4,4,0
0,plain_7_3,3,4,0
0,distant_paragraph_required_3_2,3,4,0
0,plain_5_4,3,3,0
0,distant_paragraph_3_4,4,4,0
0,persona_4_0,4,3,0
0,verbalized_sampling_2_3,3,3,0
0,poem_4_1,1,3,0
0,plain_0_0,1,3,0
0,poem_0_0,1,3,0
0,poem_0_3,3,4,0
0,poem_required_4_3,3,3,0
0,poem_2_2,2,5,0
0,plain_5_0,2,4,0
0,verbalized_sampling_5_2,2,4,0
0,distant_paragraph_required_1_1,3,5,0
0,random_tokens_1_0,1,3,0
0,verbalized_sampling_7_2,1,2,0
0,plain_1_3,3,4,0
0,poem_7_2,2,5,0
0,plain_3_2,1,4,0
0,distant_paragraph_5_2,1,4,0
0,distant_paragraph_1_4,3,4,0
0,plain_6_1,1,5,0
0,verbalized_sampling_4_3,2,3,0
0,distant_paragraph_3_1,1,4,0
0,random_tokens_1_2,1,5,0
0,persona_1_3,4,3,0
0,random_tokens_required_3_3,2,4,0
0,distant_paragraph_required_2_3,3,4,1
0,persona_3_2,3,4,0
0,random_tokens_required_4_3,2,4,0
0,distant_paragraph_7_2,2,4,0
0,random_tokens_required_2_2,1,5,0
0,distant_paragraph_7_3,3,4,0
0,poem_1_4,3,4,0
0,distant_paragraph_required_7_2,4,3,1
0,random_tokens_required_0_0,2,3,1
0,plain_0_4,3,4,0
0,random_tokens_6_3,3,4,0
0,random_tokens_required_2_4,4,4,0
0,verbalized_sampling_0_2,2,3,0
0,poem_required_1_3,4,3,1
0,verbalized_sampling_6_0,1,4,0
0,distant_paragraph_0_3,3,5,0
0,distant_paragraph_3_0,1,5,0
0,distant_paragraph_required_4_0,3,3,1
0,verbalized_sampling_7_0,1,4,0
0,persona_5_4,5,3,0
0,random_tokens_7_3,2,4,0
0,verbalized_sampling_6_2,2,5,0
0,plain_2_2,2,5,0
0,poem_2_4,3,4,0
0,persona_5_3,4,4,0
0,random_tokens_required_7_4,3,4,0
0,distant_paragraph_required_1_0,5,4,1
0,distant_paragraph_required_5_0,3,2,1
0,plain_6_3,4,5,0
0,poem_0_2,1,5,0
0,poem_3_2,3,4,0
0,poem_5_3,3,4,0
0,random_tokens_required_1_1,1,5,0
0,persona_2_2,4,4,0
0,poem_required_0_0,1,4,1
0,distant_paragraph_required_0_0,4,4,1
0,distant_paragraph_required_0_3,4,3,0
0,plain_1_2,1,4,0
0,poem_required_2_1,2,5,0
0,poem_required_6_3,2,4,0
0,persona_0_3,2,5,0
0,random_tokens_required_4_1,2,5,0
0,distant_paragraph_required_7_0,1,4,1
0,poem_required_3_3,3,3,1
0,random_tokens_5_2,3,3,0
0,random_tokens_required_1_2,2,5,0
0,verbalized_sampling_7_4,3,4,0
0,verbalized_sampling_0_1,2,5,0
0,verbalized_sampling_1_1,2,4,0
0,verbalized_sampling_3_1,1,5,0
0,distant_paragraph_required_6_0,3,4,1
0,poem_6_1,1,4,0
0,random_tokens_3_0,2,5,0
0,random_tokens_required_1_3,3,4,0
0,random_tokens_required_1_4,4,4,0
0,plain_2_4,4,4,0
0,random_tokens_required_3_2,1,5,0
0,random_tokens_6_0,1,4,0
0,random_tokens_required_5_0,2,2,1
0,random_tokens_7_4,4,3,0
0,distant_paragraph_2_3,3,4,0
0,poem_7_0,1,4,0
0,random_tokens_2_0,2,4,0
0,persona_6_3,3,5,1
0,verbalized_sampling_7_1,2,5,0
0,random_tokens_required_6_0,2,3,1
0,random_tokens_required_7_2,3,5,0
0,persona_4_1,3,3,0
0,random_tokens_required_7_0,4,2,1
0,verbalized_sampling_7_3,2,4,0
0,verbalized_sampling_5_0,1,5,0
0,random_tokens_2_4,2,4,0
0,poem_required_1_4,4,4,0
0,poem_required_2_0,3,4,1
0,persona_6_2,4,3,0
0,poem_required_5_1,1,5,1
0,poem_required_1_1,3,4,1
0,distant_paragraph_required_3_1,2,4,1
0,random_tokens_3_4,2,4,0
0,poem_required_0_4,2,4,0
0,poem_6_3,3,3,0
0,verbalized_sampling_4_0,1,5,0
0,random_tokens_required_2_0,2,2,1
0,random_tokens_7_2,2,5,0
0,verbalized_sampling_0_4,2,3,0
0,distant_paragraph_required_2_1,2,4,1
0,persona_0_1,5,3,0
0,persona_1_2,4,4,0
0,distant_paragraph_5_1,2,5,0
0,verbalized_sampling_1_0,1,3,0
0,poem_6_0,1,3,0
0,plain_4_2,3,5,0
0,persona_7_3,3,4,0
0,verbalized_sampling_3_0,1,3,0
0,poem_required_5_4,4,4,1
0,random_tokens_required_2_1,2,3,0
0,distant_paragraph_1_0,2,4,0
0,plain_7_2,4,4,0
0,random_tokens_required_6_1,4,5,0
0,random_tokens_1_4,3,4,0
0,random_tokens_required_3_0,2,3,1
0,poem_required_3_0,1,3,1
0,random_tokens_4_0,1,3,0
0,poem_4_0,2,3,0
0,random_tokens_6_1,4,5,0
0,poem_required_7_0,4,3,1
0,verbalized_sampling_2_4,3,3,0
0,distant_paragraph_1_2,3,3,0
0,distant_paragraph_0_1,2,4,0
0,random_tokens_0_1,2,5,0
0,poem_4_3,3,4,0
0,poem_required_1_0,2,4,1
0,poem_required_3_1,2,5,1
0,verbalized_sampling_2_2,1,5,0
0,poem_7_1,1,4,0
0,plain_0_3,3,4,0
0,random_tokens_2_1,1,4,0
0,plain_6_0,1,4,0
0,plain_7_4,4,3,0
0,distant_paragraph_4_0,1,4,0
0,verbalized_sampling_3_2,3,4,0
0,random_tokens_required_0_4,3,4,0
0,poem_4_4,3,4,0
0,poem_required_3_4,5,4,0
0,random_tokens_4_1,1,4,0
0,random_tokens_5_0,1,4,0
0,poem_required_4_4,4,4,0
0,persona_6_0,2,3,1
0,distant_paragraph_5_4,4,3,0
0,verbalized_sampling_1_4,2,4,0
0,random_tokens_required_0_2,4,4,0
0,distant_paragraph_4_3,2,4,0
0,distant_paragraph_required_1_4,4,3,1
0,distant_paragraph_required_6_1,1,5,1
0,distant_paragraph_1_3,3,4,0
0,random_tokens_3_2,2,4,0
0,distant_paragraph_required_1_3,3,4,0
0,poem_required_6_1,3,5,0
0,plain_3_0,1,5,0
0,persona_5_2,3,4,0
0,random_tokens_required_4_4,4,3,0
0,distant_paragraph_0_0,3,4,0
0,random_tokens_5_3,2,4,0
0,random_tokens_required_6_3,3,3,0
0,plain_4_3,2,3,0
0,plain_4_4,2,3,0
0,poem_7_3,2,3,0
0,poem_required_7_1,1,4,1
0,poem_5_4,4,3,0
0,plain_6_4,3,4,0
0,distant_paragraph_0_4,3,3,0
0,poem_3_4,2,4,0
0,random_tokens_3_1,2,5,0
0,random_tokens_required_4_0,1,4,1
0,random_tokens_required_2_3,2,4,0
0,persona_1_4,4,3,0
0,distant_paragraph_required_2_2,2,5,0
0,distant_paragraph_required_5_4,3,4,0
0,poem_required_7_4,3,4,0
0,plain_1_0,1,4,0
0,distant_paragraph_required_3_3,2,5,0
0,random_tokens_4_2,2,4,0
0,persona_0_4,4,2,0
0,poem_required_1_2,1,4,0
0,persona_7_4,3,3,0
0,distant_paragraph_required_1_2,2,4,0
0,distant_paragraph_6_2,2,4,0
0,poem_1_0,1,4,0
0,distant_paragraph_required_6_2,2,5,0
0,random_tokens_1_3,3,3,0
0,random_tokens_7_0,1,5,0
0,poem_5_2,2,5,0
0,random_tokens_required_0_1,3,4,1
0,random_tokens_7_1,1,5,0
0,distant_paragraph_4_1,1,4,0
0,verbalized_sampling_4_4,3,4,0
0,poem_required_0_1,1,4,1
0,verbalized_sampling_3_4,3,3,0
0,poem_1_1,2,5,0
0,plain_4_0,1,5,0
0,poem_required_2_3,4,5,0
0,verbalized_sampling_4_2,3,4,0
0,verbalized_sampling_6_4,3,3,0
0,verbalized_sampling_0_3,3,3,0
0,persona_2_0,5,4,0
0,distant_paragraph_7_0,2,5,0
0,persona_0_2,5,3,0
0,persona_2_4,4,4,0
0,distant_paragraph_6_4,3,4,0
0,distant_paragraph_7_1,2,5,0
0,poem_1_2,2,5,0
0,persona_7_1,1,4,1
0,distant_paragraph_required_4_4,4,4,0
0,poem_required_6_2,3,5,0
0,distant_paragraph_1_1,2,5,0
0,random_tokens_required_5_1,4,3,1
0,poem_required_0_2,2,5,0
0,verbalized_sampling_5_3,2,3,0
0,distant_paragraph_required_4_2,3,4,1
0,random_tokens_required_5_2,3,3,1
0,distant_paragraph_4_2,2,5,0
0,distant_paragraph_required_2_4,3,4,1
0,poem_5_1,2,5,0
0,persona_3_0,2,5,0
0,random_tokens_0_0,1,4,0
0,plain_4_1,2,5,0
0,poem_required_2_4,3,4,0
0,distant_paragraph_6_1,1,4,0
0,verbalized_sampling_6_3,2,3,0
0,verbalized_sampling_5_4,2,4,0
0,plain_5_3,2,4,0
0,distant_paragraph_required_3_4,3,4,0
0,verbalized_sampling_4_1,1,5,0
0,distant_paragraph_required_4_1,3,5,0
0,plain_1_1,3,5,0
0,persona_3_3,4,3,0
0,persona_1_0,5,3,0
0,distant_paragraph_0_2,2,4,0
0,poem_1_3,3,3,0
0,verbalized_sampling_6_1,1,4,0
0,random_tokens_required_1_0,2,4,1
0,random_tokens_required_4_2,3,4,0
0,random_tokens_required_6_2,2,4,0
0,distant_paragraph_required_4_3,3,4,0
0,distant_paragraph_2_0,1,5,0
0,plain_2_0,1,5,0
0,persona_4_3,3,3,0
0,poem_3_1,3,5,0
0,plain_7_0,1,5,0
0,poem_required_5_2,2,5,1
0,persona_3_4,4,2,0
0,distant_paragraph_2_4,3,5,0
0,persona_3_1,3,5,0
0,poem_2_1,1,4,0
0,poem_4_2,2,5,0
0,poem_2_0,1,4,0
0,random_tokens_1_1,1,4,0
0,random_tokens_required_5_3,2,5,0
0,persona_4_2,2,4,0
0,poem_2_3,3,4,0
0,poem_3_3,3,3,0
0,distant_paragraph_required_6_4,3,3,1
0,poem_6_2,2,5,0
0,poem_required_5_3,2,4,1
0,distant_paragraph_required_5_1,4,3,1
0,plain_0_2,3,4,0
0,random_tokens_3_3,4,3,0
0,distant_paragraph_2_1,2,4,0
0,persona_2_3,4,2,1
0,poem_required_4_1,2,5,0
0,persona_6_1,4,2,0
0,poem_required_4_0,2,4,1
0,persona_5_0,3,5,0
0,poem_required_7_2,2,4,1
0,poem_0_1,2,5,0
0,poem_7_4,3,4,0
0,plain_3_3,3,4,0
0,distant_paragraph_4_4,3,4,0
0,poem_0_4,4,3,0
0,random_tokens_required_7_1,1,5,0
0,random_tokens_2_3,2,4,0
0,random_tokens_required_6_4,3,3,0
0,random_tokens_0_3,4,3,0
0,plain_3_4,3,3,0
0,plain_5_1,2,5,0
0,distant_paragraph_6_0,1,4,0
0,distant_paragraph_5_0,1,4,0
0,poem_required_5_0,3,4,1
0,distant_paragraph_5_3,2,4,0
1,poem_required_2_3,1,5,0
1,distant_paragraph_required_4_1,1,5,0
1,random_tokens_2_0,1,5,0
1,persona_3_3,4,3,0
1,poem_required_3_4,4,4,0
1,persona_4_4,3,2,0
1,poem_required_3_3,3,3,1
1,persona_7_2,2,4,0
1,distant_paragraph_3_1,1,4,0
1,random_tokens_6_4,2,4,0
1,plain_3_0,1,4,0
1,distant_paragraph_required_5_4,3,4,0
1,random_tokens_required_6_1,1,5,0
1,persona_6_2,4,3,0
1,distant_paragraph_2_4,2,4,0
1,poem_0_1,1,4,0
1,random_tokens_required_4_1,1,4,0
1,distant_paragraph_0_0,1,4,0
1,distant_paragraph_5_3,2,4,0
1,plain_5_0,1,4,0
1,random_tokens_required_2_0,2,2,1
1,random_tokens_7_3,2,4,0
1,distant_paragraph_4_1,1,5,0
1,poem_required_0_4,2,4,0
1,verbalized_sampling_1_1,2,5,0
1,plain_5_3,2,4,0
1,plain_6_1,2,5,0
1,poem_4_4,2,4,0
1,random_tokens_required_7_2,2,5,0
1,poem_2_3,2,4,0
1,poem_1_4,3,4,0
1,plain_6_2,2,4,0
1,distant_paragraph_required_3_3,3,5,0
1,persona_6_0,3,4,1
1,poem_required_5_4,3,4,1
1,poem_required_0_3,2,4,0
1,distant_paragraph_required_2_2,2,5,0
1,poem_5_4,4,4,0
1,distant_paragraph_required_3_4,4,4,0
1,persona_2_0,4,4,0
1,plain_6_4,3,4,0
1,poem_required_0_2,1,5,0
1,distant_paragraph_2_2,1,5,0
1,plain_1_0,1,5,0
1,verbalized_sampling_7_1,1,5,0
1,poem_required_1_2,2,5,0
1,plain_4_3,3,4,0
1,poem_6_2,1,5,0
1,verbalized_sampling_1_3,2,3,0
1,poem_required_6_1,1,5,0
1,verbalized_sampling_4_1,1,5,0
1,poem_required_0_1,1,4,1
1,plain_4_4,3,4,0
1,distant_paragraph_required_0_4,3,3,0
1,poem_required_6_4,3,3,0
1,random_tokens_0_1,1,5,0
1,random_tokens_required_1_3,3,4,0
1,random_tokens_required_7_0,4,3,1
1,random_tokens_4_2,1,5,0
1,random_tokens_7_0,1,5,0
1,plain_1_1,1,5,0
1,distant_paragraph_required_1_1,2,5,0
1,poem_required_4_4,3,4,0
1,poem_4_3,3,4,0
1,random_tokens_6_3,4,3,0
1,plain_7_1,1,5,0
1,poem_5_1,1,5,0
1,poem_1_1,1,4,0
1,poem_4_2,1,5,0
1,poem_1_0,1,4,0
1,persona_4_1,3,3,0
1,persona_7_0,4,4,1
1,distant_paragraph_7_1,1,4,0
1,plain_0_1,1,5,0
1,distant_paragraph_3_4,3,4,0
1,distant_paragraph_7_3,3,4,0
1,distant_paragraph_6_0,2,5,0
1,distant_paragraph_4_3,3,4,0
1,poem_required_2_2,3,4,1
1,verbalized_sampling_2_4,3,4,0
1,random_tokens_required_3_2,1,4,0
1,distant_paragraph_0_3,3,5,0
1,random_tokens_required_7_3,3,3,0
1,plain_7_4,3,4,0
1,random_tokens_1_1,1,3,0
1,random_tokens_required_3_3,4,3,0
1,plain_4_0,1,3,0
1,distant_paragraph_2_1,2,4,0
1,random_tokens_required_0_2,3,3,0
1,random_tokens_0_3,3,3,0
1,persona_4_3,3,3,0
1,poem_required_2_4,3,4,0
1,persona_3_1,3,5,0
1,random_tokens_required_6_3,3,3,0
1,poem_required_5_3,2,3,1
1,persona_5_3,4,3,0
1,random_tokens_required_0_3,2,4,0
1,persona_1_1,5,2,0
1,distant_paragraph_6_1,1,3,0
1,distant_paragraph_7_0,2,4,0
1,persona_3_0,2,5,0
1,random_tokens_6_0,1,4,0
1,poem_7_1,2,4,0
1,verbalized_sampling_0_4,2,3,0
1,distant_paragraph_required_2_0,4,4,1
1,poem_required_6_2,3,5,0
1,poem_2_2,3,5,0
1,persona_5_4,5,3,0
1,verbalized_sampling_0_0,1,3,0
1,poem_required_0_0,1,3,1
1,plain_3_2,2,4,0
1,plain_5_4,3,3,0
1,random_tokens_required_7_4,3,4,0
1,persona_1_3,5,3,0
1,verbalized_sampling_4_4,2,4,0
1,random_tokens_3_4,3,4,0
1,poem_required_7_0,4,4,1
1,distant_paragraph_1_0,2,4,0
1,random_tokens_required_6_4,2,4,0
1,verbalized_sampling_2_3,3,3,0
1,persona_3_4,4,2,0
1,random_tokens_5_3,2,4,0
1,distant_paragraph_required_3_2,2,4,0
1,plain_2_3,2,4,0
1,persona_0_1,5,3,0
1,distant_paragraph_required_7_2,4,3,1
1,poem_required_7_3,3,4,1
1,distant_paragraph_required_4_0,3,4,1
1,distant_paragraph_required_3_0,1,5,0
1,poem_7_4,2,4,0
1,verbalized_sampling_1_2,1,4,0
1,persona_7_4,3,4,0
1,persona_5_2,2,4,0
1,poem_6_1,1,5,0
1,random_tokens_1_3,3,4,0
1,distant_paragraph_4_4,3,4,0
1,plain_5_1,3,5,0
1,random_tokens_required_0_0,3,3,1
1,verbalized_sampling_6_0,1,4,0
1,random_tokens_3_3,3,3,0
1,poem_7_3,2,4,0
1,poem_2_1,1,4,0
1,plain_4_2,2,5,0
1,random_tokens_3_1,2,5,0
1,random_tokens_2_2,2,5,0
1,distant_paragraph_required_2_1,2,4,1
1,distant_paragraph_required_4_3,3,4,0
1,poem_required_2_1,2,4,0
1,plain_3_4,4,4,0
1,verbalized_sampling_3_2,2,4,0
1,random_tokens_required_2_2,1,5,0
1,random_tokens_7_2,1,5,0
1,random_tokens_1_2,1,5,0
1,random_tokens_required_4_0,1,4,1
1,random_tokens_required_4_4,4,4,0
1,persona_5_1,5,3,0
1,poem_required_1_1,4,4,1
1,plain_0_2,2,4,0
1,poem_0_2,2,5,0
1,poem_0_0,1,4,0
1,verbalized_sampling_3_4,3,4,0
1,poem_required_4_2,3,4,1
1,distant_paragraph_5_2,2,4,0
1,poem_required_4_3,3,3,0
1,persona_7_3,2,4,0
1,poem_required_4_1,4,5,0
1,verbalized_sampling_6_1,1,3,0
1,distant_paragraph_6_2,3,5,0
1,poem_required_5_2,3,4,1
1,poem_required_6_3,3,3,0
1,distant_paragraph_required_5_1,4,3,1
1,poem_required_5_1,2,4,1
1,persona_6_3,3,5,1
1,random_tokens_5_4,4,4,0
1,distant_paragraph_6_3,4,4,0
1,random_tokens_required_5_2,2,3,1
1,persona_1_4,5,3,0
1,random_tokens_required_3_0,1,4,1
1,distant_paragraph_required_1_2,3,4,0
1,verbalized_sampling_7_0,1,4,0
1,random_tokens_required_2_3,2,4,0
1,random_tokens_4_4,2,4,0
1,poem_required_7_2,3,5,1
1,persona_0_2,4,3,0
1,random_tokens_6_2,2,4,0
1,random_tokens_required_1_2,3,5,0
1,distant_paragraph_required_7_4,2,4,1
1,distant_paragraph_1_1,3,5,0
1,persona_4_0,4,4,0
1,poem_5_2,1,4,0
1,verbalized_sampling_4_3,3,4,0
1,random_tokens_2_3,3,4,0
1,distant_paragraph_required_6_3,3,3,1
1,random_tokens_0_0,1,5,0
1,random_tokens_required_5_4,4,3,1
1,plain_2_1,3,5,0
1,distant_paragraph_required_3_1,2,4,1
1,random_tokens_1_4,2,4,0
1,plain_0_0,1,5,0
1,poem_6_4,2,4,0
1,poem_3_4,3,4,0
1,random_tokens_2_1,1,4,0
1,plain_1_4,3,3,0
1,random_tokens_required_6_0,2,4,1
1,distant_paragraph_required_7_3,4,3,0
1,poem_2_0,1,4,0
1,distant_paragraph_5_0,1,4,0
1,persona_4_2,2,4,0
1,random_tokens_required_5_3,3,5,0
1,persona_7_1,2,4,1
1,distant_paragraph_7_4,3,3,0
1,poem_3_2,3,3,0
1,poem_5_0,1,4,0
1,persona_0_3,2,5,0
1,poem_3_1,3,5,0
1,poem_4_1,1,5,0
1,persona_2_1,4,3,0
1,poem_2_4,3,3,0
1,poem_1_2,3,5,0
1,distant_paragraph_2_3,4,3,0
1,distant_paragraph_required_4_4,3,5,0
1,random_tokens_required_2_1,1,4,0
1,random_tokens_7_1,1,4,0
1,random_tokens_required_1_1,2,4,0
1,distant_paragraph_required_5_3,4,3,1
1,plain_6_3,3,4,0
1,random_tokens_6_1,2,5,0
1,persona_0_0,4,4,0
1,verbalized_sampling_6_2,2,4,0
1,verbalized_sampling_3_0,1,4,0
1,distant_paragraph_required_2_4,3,4,1
1,plain_0_4,3,3,0
1,poem_required_1_0,3,4,1
1,verbalized_sampling_7_2,1,4,0
1,poem_0_3,3,4,0
1,persona_1_0,5,3,0
1,verbalized_sampling_7_3,2,3,0
1,distant_paragraph_required_0_3,3,4,0
1,distant_paragraph_required_1_3,2,3,0
1,verbalized_sampling_5_0,1,3,0
1,verbalized_sampling_0_1,2,5,0
1,distant_paragraph_0_1,2,4,0
1,plain_2_0,1,4,0
1,distant_paragraph_required_0_1,2,4,0
1,verbalized_sampling_2_2,2,5,0
1,distant_paragraph_required_4_2,4,4,1
1,persona_1_2,3,5,0
1,plain_5_2,4,4,0
1,persona_0_4,5,2,0
1,random_tokens_5_0,1,4,0
1,random_tokens_3_2,3,4,0
1,random_tokens_0_2,3,3,0
1,distant_paragraph_required_1_0,5,3,1
1,distant_paragraph_required_7_1,2,5,0
1,random_tokens_1_0,1,5,0
1,poem_required_7_1,2,4,1
1,distant_paragraph_4_0,1,4,0
1,poem_required_4_0,2,4,1
1,plain_4_1,2,5,0
1,plain_7_0,1,4,0
1,poem_required_2_0,3,4,1
1,distant_paragraph_required_2_3,4,4,1
1,poem_required_7_4,3,5,0
1,distant_paragraph_required_0_0,4,4,1
1,random_tokens_4_0,1,5,0
1,random_tokens_2_4,3,4,0
1,distant_paragraph_5_4,2,4,0
1,distant_paragraph_required_6_2,3,5,0
1,distant_paragraph_5_1,2,5,0
1,poem_required_1_3,3,4,1
1,distant_paragraph_3_0,1,5,0
1,distant_paragraph_0_2,2,4,0
1,poem_0_4,4,3,0
1,random_tokens_required_0_1,3,4,1
1,verbalized_sampling_5_3,2,4,0
1,random_tokens_required_1_0,2,4,1
1,verbalized_sampling_0_2,1,3,0
1,distant_paragraph_1_4,3,3,0
1,verbalized_sampling_3_3,2,3,0
1,persona_3_2,3,4,0
1,persona_2_4,3,5,0
1,poem_7_0,1,5,0
1,plain_7_2,3,4,0
1,poem_required_6_0,2,4,1
1,random_tokens_required_1_4,4,4,0
1,distant_paragraph_1_3,3,4,0
1,persona_5_0,4,5,0
1,persona_6_4,3,3,0
1,poem_required_1_4,4,4,0
1,random_tokens_4_3,2,3,0
1,distant_paragraph_required_5_2,2,5,1
1,plain_7_3,3,4,0
1,plain_2_2,1,5,0
1,poem_5_3,2,3,0
1,poem_required_3_0,1,4,1
1,distant_paragraph_required_6_0,3,4,1
1,verbalized_sampling_6_3,2,3,0
1,distant_paragraph_6_4,2,4,0
1,random_tokens_required_5_1,5,3,1
1,plain_3_1,2,5,0
1,plain_1_2,2,4,0
1,poem_3_3,3,3,0
1,random_tokens_required_5_0,2,3,1
1,verbalized_sampling_0_3,2,3,0
1,distant_paragraph_required_6_1,2,4,1
1,verbalized_sampling_3_1,2,5,0
1,random_tokens_0_4,4,3,0
1,verbalized_sampling_5_1,3,5,0
1,distant_paragraph_1_2,3,4,0
1,distant_paragraph_required_5_0,3,2,1
1,distant_paragraph_required_6_4,3,3,1
1,verbalized_sampling_2_1,1,4,0
1,verbalized_sampling_2_0,1,3,0
1,poem_4_0,1,4,0
1,random_tokens_required_2_4,4,4,0
1,poem_6_3,3,3,0
1,random_tokens_4_1,1,4,0
1,random_tokens_required_3_4,4,4,0
1,random_tokens_required_4_3,3,5,0
1,random_tokens_required_4_2,3,3,0
1,distant_paragraph_3_3,3,4,0
1,persona_2_2,4,5,0
1,verbalized_sampling_4_2,2,4,0
1,plain_1_3,4,4,0
1,poem_3_0,1,5,0
1,plain_0_3,4,5,0
1,verbalized_sampling_6_4,3,4,0
1,verbalized_sampling_5_4,2,4,0
1,random_tokens_7_4,3,4,0
1,random_tokens_required_7_1,1,5,0
1,verbalized_sampling_1_0,1,3,0
1,random_tokens_required_6_2,2,4,0
1,plain_6_0,1,4,0
1,poem_required_5_0,4,4,1
1,verbalized_sampling_5_2,2,5,0
1,poem_6_0,1,3,0
1,distant_paragraph_required_1_4,5,3,0
1,verbalized_sampling_4_0,1,3,0
1,distant_paragraph_required_7_0,2,4,1
1,poem_1_3,3,4,0
1,random_tokens_5_1,2,5,0
1,distant_paragraph_0_4,3,3,0
1,plain_3_3,2,4,0
1,distant_paragraph_7_2,2,4,0
1,poem_7_2,1,5,0
1,persona_6_1,4,3,1
1,random_tokens_required_3_1,1,5,0
1,distant_paragraph_3_2,1,5,0
1,poem_required_3_1,2,5,1
1,random_tokens_required_0_4,3,4,0
1,plain_2_4,3,5,0
1,verbalized_sampling_7_4,3,4,0
1,distant_paragraph_4_2,1,4,0
1,poem_required_3_2,1,4,0
1,verbalized_sampling_1_4,2,4,0
1,random_tokens_3_0,1,5,0
1,persona_2_3,5,2,1
1,distant_paragraph_2_0,1,5,0
1,distant_paragraph_required_0_2,3,4,0
1,random_tokens_5_2,2,3,0
