idea_id,arm,call,novelty,usefulness,useful_novel,forced_reference
plain_0_0,plain,0,1.0,4.0,0,0.0
plain_0_1,plain,0,1.5,5.0,0,0.0
plain_0_2,plain,0,2.5,4.0,0,0.0
plain_0_3,plain,0,3.5,4.5,0,0.0
plain_0_4,plain,0,3.0,3.5,0,0.0
plain_1_0,plain,1,1.0,4.5,0,0.0
plain_1_1,plain,1,2.0,5.0,0,0.0
plain_1_2,plain,1,1.5,4.0,0,0.0
plain_1_3,plain,1,3.5,4.0,0,0.0
plain_1_4,plain,1,3.0,3.0,0,0.0
plain_2_0,plain,2,1.0,4.5,0,0.0
plain_2_1,plain,2,2.5,5.0,0,0.0
plain_2_2,plain,2,1.5,5.0,0,0.0
plain_2_3,plain,2,2.5,4.0,0,0.0
plain_2_4,plain,2,3.5,4.5,0,0.0
plain_3_0,plain,3,1.0,4.5,0,0.0
plain_3_1,plain,3,1.5,5.0,0,0.0
plain_3_2,plain,3,1.5,4.0,0,0.0
plain_3_3,plain,3,2.5,4.0,0,0.0
plain_3_4,plain,3,3.5,3.5,0,0.0
plain_4_0,plain,4,1.0,4.0,0,0.0
plain_4_1,plain,4,2.0,5.0,0,0.0
plain_4_2,plain,4,2.5,5.0,0,0.0
plain_4_3,plain,4,2.5,3.5,0,0.0
plain_4_4,plain,4,2.5,3.5,0,0.0
plain_5_0,plain,5,1.5,4.0,0,0.0
plain_5_1,plain,5,2.5,5.0,0,0.0
plain_5_2,plain,5,4.0,4.0,1,0.0
plain_5_3,plain,5,2.0,4.0,0,0.0
plain_5_4,plain,5,3.0,3.0,0,0.0
plain_6_0,plain,6,1.0,4.0,0,0.0
plain_6_1,plain,6,1.5,5.0,0,0.0
plain_6_2,plain,6,2.0,3.5,0,0.0
plain_6_3,plain,6,3.5,4.5,0,0.0
plain_6_4,plain,6,3.0,4.0,0,0.0
plain_7_0,plain,7,1.0,4.5,0,0.0
plain_7_1,plain,7,1.5,5.0,0,0.0
plain_7_2,plain,7,3.5,4.0,0,0.0
plain_7_3,plain,7,3.0,4.0,0,0.0
plain_7_4,plain,7,3.5,3.5,0,0.0
verbalized_sampling_0_0,verbalized_sampling,0,1.0,3.0,0,0.0
verbalized_sampling_0_1,verbalized_sampling,0,2.0,5.0,0,0.0
verbalized_sampling_0_2,verbalized_sampling,0,1.5,3.0,0,0.0
verbalized_sampling_0_3,verbalized_sampling,0,2.5,3.0,0,0.0
verbalized_sampling_0_4,verbalized_sampling,0,2.0,3.0,0,0.0
verbalized_sampling_1_0,verbalized_sampling,1,1.0,3.0,0,0.0
verbalized_sampling_1_1,verbalized_sampling,1,2.0,4.5,0,0.0
verbalized_sampling_1_2,verbalized_sampling,1,1.0,3.5,0,0.0
verbalized_sampling_1_3,verbalized_sampling,1,1.5,3.0,0,0.0
verbalized_sampling_1_4,verbalized_sampling,1,2.0,4.0,0,0.0
verbalized_sampling_2_0,verbalized_sampling,2,1.0,4.0,0,0.0
verbalized_sampling_2_1,verbalized_sampling,2,1.0,4.5,0,0.0
verbalized_sampling_2_2,verbalized_sampling,2,1.5,5.0,0,0.0
verbalized_sampling_2_3,verbalized_sampling,2,3.0,3.0,0,0.0
verbalized_sampling_2_4,verbalized_sampling,2,3.0,3.5,0,0.0
verbalized_sampling_3_0,verbalized_sampling,3,1.0,3.5,0,0.0
verbalized_sampling_3_1,verbalized_sampling,3,1.5,5.0,0,0.0
verbalized_sampling_3_2,verbalized_sampling,3,2.5,4.0,0,0.0
verbalized_sampling_3_3,verbalized_sampling,3,2.0,3.0,0,0.0
verbalized_sampling_3_4,verbalized_sampling,3,3.0,3.5,0,0.0
verbalized_sampling_4_0,verbalized_sampling,4,1.0,4.0,0,0.0
verbalized_sampling_4_1,verbalized_sampling,4,1.0,5.0,0,0.0
verbalized_sampling_4_2,verbalized_sampling,4,2.5,4.0,0,0.0
verbalized_sampling_4_3,verbalized_sampling,4,2.5,3.5,0,0.0
verbalized_sampling_4_4,verbalized_sampling,4,2.5,4.0,0,0.0
verbalized_sampling_5_0,verbalized_sampling,5,1.0,4.0,0,0.0
verbalized_sampling_5_1,verbalized_sampling,5,2.5,5.0,0,0.0
verbalized_sampling_5_2,verbalized_sampling,5,2.0,4.5,0,0.0
verbalized_sampling_5_3,verbalized_sampling,5,2.0,3.5,0,0.0
verbalized_sampling_5_4,verbalized_sampling,5,2.0,4.0,0,0.0
verbalized_sampling_6_0,verbalized_sampling,6,1.0,4.0,0,0.0
verbalized_sampling_6_1,verbalized_sampling,6,1.0,3.5,0,0.0
verbalized_sampling_6_2,verbalized_sampling,6,2.0,4.5,0,0.0
verbalized_sampling_6_3,verbalized_sampling,6,2.0,3.0,0,0.0
verbalized_sampling_6_4,verbalized_sampling,6,3.0,3.5,0,0.0
verbalized_sampling_7_0,verbalized_sampling,7,1.0,4.0,0,0.0
verbalized_sampling_7_1,verbalized_sampling,7,1.5,5.0,0,0.0
verbalized_sampling_7_2,verbalized_sampling,7,1.0,3.0,0,0.0
verbalized_sampling_7_3,verbalized_sampling,7,2.0,3.5,0,0.0
verbalized_sampling_7_4,verbalized_sampling,7,3.0,4.0,0,0.0
persona_0_0,persona,0,4.0,4.0,1,0.0
persona_0_1,persona,0,5.0,3.0,0,0.0
persona_0_2,persona,0,4.5,3.0,0,0.0
persona_0_3,persona,0,2.0,5.0,0,0.0
persona_0_4,persona,0,4.5,2.0,0,0.0
persona_1_0,persona,1,5.0,3.0,0,0.0
persona_1_1,persona,1,5.0,2.0,0,0.0
persona_1_2,persona,1,3.5,4.5,0,0.0
persona_1_3,persona,1,4.5,3.0,0,0.0
persona_1_4,persona,1,4.5,3.0,0,0.0
persona_2_0,persona,2,4.5,4.0,1,0.0
persona_2_1,persona,2,4.0,3.0,0,0.0
persona_2_2,persona,2,4.0,4.5,1,0.0
persona_2_3,persona,2,4.5,2.0,0,1.0
persona_2_4,persona,2,3.5,4.5,0,0.0
persona_3_0,persona,3,2.0,5.0,0,0.0
persona_3_1,persona,3,3.0,5.0,0,0.0
persona_3_2,persona,3,3.0,4.0,0,0.0
persona_3_3,persona,3,4.0,3.0,0,0.0
persona_3_4,persona,3,4.0,2.0,0,0.0
persona_4_0,persona,4,4.0,3.5,0,0.0
persona_4_1,persona,4,3.0,3.0,0,0.0
persona_4_2,persona,4,2.0,4.0,0,0.0
persona_4_3,persona,4,3.0,3.0,0,0.0
persona_4_4,persona,4,3.5,2.0,0,0.0
persona_5_0,persona,5,3.5,5.0,0,0.0
persona_5_1,persona,5,4.5,3.0,0,0.0
persona_5_2,persona,5,2.5,4.0,0,0.0
persona_5_3,persona,5,4.0,3.5,0,0.0
persona_5_4,persona,5,5.0,3.0,0,0.0
persona_6_0,persona,6,2.5,3.5,0,1.0
persona_6_1,persona,6,4.0,2.5,0,0.5
persona_6_2,persona,6,4.0,3.0,0,0.0
persona_6_3,persona,6,3.0,5.0,0,1.0
persona_6_4,persona,6,3.0,3.5,0,0.0
persona_7_0,persona,7,4.0,4.0,1,1.0
persona_7_1,persona,7,1.5,4.0,0,1.0
persona_7_2,persona,7,2.5,4.5,0,0.0
persona_7_3,persona,7,2.5,4.0,0,0.0
persona_7_4,persona,7,3.0,3.5,0,0.0
poem_0_0,poem,0,1.0,3.5,0,0.0
poem_0_1,poem,0,1.5,4.5,0,0.0
poem_0_2,poem,0,1.5,5.0,0,0.0
poem_0_3,poem,0,3.0,4.0,0,0.0
poem_0_4,poem,0,4.0,3.0,0,0.0
poem_1_0,poem,1,1.0,4.0,0,0.0
poem_1_1,poem,1,1.5,4.5,0,0.0
poem_1_2,poem,1,2.5,5.0,0,0.0
poem_1_3,poem,1,3.0,3.5,0,0.0
poem_1_4,poem,1,3.0,4.0,0,0.0
poem_2_0,poem,2,1.0,4.0,0,0.0
poem_2_1,poem,2,1.0,4.0,0,0.0
poem_2_2,poem,2,2.5,5.0,0,0.0
poem_2_3,poem,2,2.5,4.0,0,0.0
poem_2_4,poem,2,3.0,3.5,0,0.0
poem_3_0,poem,3,1.0,5.0,0,0.0
poem_3_1,poem,3,3.0,5.0,0,0.0
poem_3_2,poem,3,3.0,3.5,0,0.0
poem_3_3,poem,3,3.0,3.0,0,0.0
poem_3_4,poem,3,2.5,4.0,0,0.0
poem_4_0,poem,4,1.5,3.5,0,0.0
poem_4_1,poem,4,1.0,4.0,0,0.0
poem_4_2,poem,4,1.5,5.0,0,0.0
poem_4_3,poem,4,3.0,4.0,0,0.0
poem_4_4,poem,4,2.5,4.0,0,0.0
poem_5_0,poem,5,1.0,4.5,0,0.0
poem_5_1,poem,5,1.5,5.0,0,0.0
poem_5_2,poem,5,1.5,4.5,0,0.0
poem_5_3,poem,5,2.5,3.5,0,0.0
poem_5_4,poem,5,4.0,3.5,0,0.0
poem_6_0,poem,6,1.0,3.0,0,0.0
poem_6_1,poem,6,1.0,4.5,0,0.0
poem_6_2,poem,6,1.5,5.0,0,0.0
poem_6_3,poem,6,3.0,3.0,0,0.0
poem_6_4,poem,6,1.5,4.0,0,0.0
poem_7_0,poem,7,1.0,4.5,0,0.0
poem_7_1,poem,7,1.5,4.0,0,0.0
poem_7_2,poem,7,1.5,5.0,0,0.0
poem_7_3,poem,7,2.0,3.5,0,0.0
poem_7_4,poem,7,2.5,4.0,0,0.0
distant_paragraph_0_0,distant_paragraph,0,2.0,4.0,0,0.0
distant_paragraph_0_1,distant_paragraph,0,2.0,4.0,0,0.0
distant_paragraph_0_2,distant_paragraph,0,2.0,4.0,0,0.0
distant_paragraph_0_3,distant_paragraph,0,3.0,5.0,0,0.0
distant_paragraph_0_4,distant_paragraph,0,3.0,3.0,0,0.0
distant_paragraph_1_0,distant_paragraph,1,2.0,4.0,0,0.0
distant_paragraph_1_1,distant_paragraph,1,2.5,5.0,0,0.0
distant_paragraph_1_2,distant_paragraph,1,3.0,3.5,0,0.0
distant_paragraph_1_3,distant_paragraph,1,3.0,4.0,0,0.0
distant_paragraph_1_4,distant_paragraph,1,3.0,3.5,0,0.0
distant_paragraph_2_0,distant_paragraph,2,1.0,5.0,0,0.0
distant_paragraph_2_1,distant_paragraph,2,2.0,4.0,0,0.0
distant_paragraph_2_2,distant_paragraph,2,1.5,5.0,0,0.0
distant_paragraph_2_3,distant_paragraph,2,3.5,3.5,0,0.0
distant_paragraph_2_4,distant_paragraph,2,2.5,4.5,0,0.0
distant_paragraph_3_0,distant_paragraph,3,1.0,5.0,0,0.0
distant_paragraph_3_1,distant_paragraph,3,1.0,4.0,0,0.0
distant_paragraph_3_2,distant_paragraph,3,1.5,5.0,0,0.0
distant_paragraph_3_3,distant_paragraph,3,2.5,4.0,0,0.0
distant_paragraph_3_4,distant_paragraph,3,3.5,4.0,0,0.0
distant_paragraph_4_0,distant_paragraph,4,1.0,4.0,0,0.0
distant_paragraph_4_1,distant_paragraph,4,1.0,4.5,0,0.0
distant_paragraph_4_2,distant_paragraph,4,1.5,4.5,0,0.0
distant_paragraph_4_3,distant_paragraph,4,2.5,4.0,0,0.0
distant_paragraph_4_4,distant_paragraph,4,3.0,4.0,0,0.0
distant_paragraph_5_0,distant_paragraph,5,1.0,4.0,0,0.0
distant_paragraph_5_1,distant_paragraph,5,2.0,5.0,0,0.0
distant_paragraph_5_2,distant_paragraph,5,1.5,4.0,0,0.0
distant_paragraph_5_3,distant_paragraph,5,2.0,4.0,0,0.0
distant_paragraph_5_4,distant_paragraph,5,3.0,3.5,0,0.0
distant_paragraph_6_0,distant_paragraph,6,1.5,4.5,0,0.0
distant_paragraph_6_1,distant_paragraph,6,1.0,3.5,0,0.0
distant_paragraph_6_2,distant_paragraph,6,2.5,4.5,0,0.0
distant_paragraph_6_3,distant_paragraph,6,3.5,4.5,0,0.0
distant_paragraph_6_4,distant_paragraph,6,2.5,4.0,0,0.0
distant_paragraph_7_0,distant_paragraph,7,2.0,4.5,0,0.0
distant_paragraph_7_1,distant_paragraph,7,1.5,4.5,0,0.0
distant_paragraph_7_2,distant_paragraph,7,2.0,4.0,0,0.0
distant_paragraph_7_3,distant_paragraph,7,3.0,4.0,0,0.0
distant_paragraph_7_4,distant_paragraph,7,2.5,3.5,0,0.0
random_tokens_0_0,random_tokens,0,1.0,4.5,0,0.0
random_tokens_0_1,random_tokens,0,1.5,5.0,0,0.0
random_tokens_0_2,random_tokens,0,2.0,3.5,0,0.0
random_tokens_0_3,random_tokens,0,3.5,3.0,0,0.0
random_tokens_0_4,random_tokens,0,3.5,3.0,0,0.0
random_tokens_1_0,random_tokens,1,1.0,4.0,0,0.0
random_tokens_1_1,random_tokens,1,1.0,3.5,0,0.0
random_tokens_1_2,random_tokens,1,1.0,5.0,0,0.0
random_tokens_1_3,random_tokens,1,3.0,3.5,0,0.0
random_tokens_1_4,random_tokens,1,2.5,4.0,0,0.0
random_tokens_2_0,random_tokens,2,1.5,4.5,0,0.0
random_tokens_2_1,random_tokens,2,1.0,4.0,0,0.0
random_tokens_2_2,random_tokens,2,2.0,5.0,0,0.0
random_tokens_2_3,random_tokens,2,2.5,4.0,0,0.0
random_tokens_2_4,random_tokens,2,2.5,4.0,0,0.0
random_tokens_3_0,random_tokens,3,1.5,5.0,0,0.0
random_tokens_3_1,random_tokens,3,2.0,5.0,0,0.0
random_tokens_3_2,random_tokens,3,2.5,4.0,0,0.0
random_tokens_3_3,random_tokens,3,3.5,3.0,0,0.0
random_tokens_3_4,random_tokens,3,2.5,4.0,0,0.0
random_tokens_4_0,random_tokens,4,1.0,4.0,0,0.0
random_tokens_4_1,random_tokens,4,1.0,4.0,0,0.0
random_tokens_4_2,random_tokens,4,1.5,4.5,0,0.0
random_tokens_4_3,random_tokens,4,2.0,3.5,0,0.0
random_tokens_4_4,random_tokens,4,2.0,4.0,0,0.0
random_tokens_5_0,random_tokens,5,1.0,4.0,0,0.0
random_tokens_5_1,random_tokens,5,2.0,5.0,0,0.0
random_tokens_5_2,random_tokens,5,2.5,3.0,0,0.0
random_tokens_5_3,random_tokens,5,2.0,4.0,0,0.0
random_tokens_5_4,random_tokens,5,4.0,4.0,1,0.0
random_tokens_6_0,random_tokens,6,1.0,4.0,0,0.0
random_tokens_6_1,random_tokens,6,3.0,5.0,0,0.0
random_tokens_6_2,random_tokens,6,1.5,4.0,0,0.0
random_tokens_6_3,random_tokens,6,3.5,3.5,0,0.0
random_tokens_6_4,random_tokens,6,2.5,3.5,0,0.0
random_tokens_7_0,random_tokens,7,1.0,5.0,0,0.0
random_tokens_7_1,random_tokens,7,1.0,4.5,0,0.0
random_tokens_7_2,random_tokens,7,1.5,5.0,0,0.0
random_tokens_7_3,random_tokens,7,2.0,4.0,0,0.0
random_tokens_7_4,random_tokens,7,3.5,3.5,0,0.0
poem_required_0_0,poem_required,0,1.0,3.5,0,1.0
poem_required_0_1,poem_required,0,1.0,4.0,0,1.0
poem_required_0_2,poem_required,0,1.5,5.0,0,0.0
poem_required_0_3,poem_required,0,2.5,4.0,0,0.0
poem_required_0_4,poem_required,0,2.0,4.0,0,0.0
poem_required_1_0,poem_required,1,2.5,4.0,0,1.0
poem_required_1_1,poem_required,1,3.5,4.0,0,1.0
poem_required_1_2,poem_required,1,1.5,4.5,0,0.0
poem_required_1_3,poem_required,1,3.5,3.5,0,1.0
poem_required_1_4,poem_required,1,4.0,4.0,1,0.0
poem_required_2_0,poem_required,2,3.0,4.0,0,1.0
poem_required_2_1,poem_required,2,2.0,4.5,0,0.0
poem_required_2_2,poem_required,2,2.5,4.0,0,1.0
poem_required_2_3,poem_required,2,2.5,5.0,0,0.0
poem_required_2_4,poem_required,2,3.0,4.0,0,0.0
poem_required_3_0,poem_required,3,1.0,3.5,0,1.0
poem_required_3_1,poem_required,3,2.0,5.0,0,1.0
poem_required_3_2,poem_required,3,1.5,4.5,0,0.0
poem_required_3_3,poem_required,3,3.0,3.0,0,1.0
poem_required_3_4,poem_required,3,4.5,4.0,1,0.0
poem_required_4_0,poem_required,4,2.0,4.0,0,1.0
poem_required_4_1,poem_required,4,3.0,5.0,0,0.0
poem_required_4_2,poem_required,4,2.5,4.0,0,1.0
poem_required_4_3,poem_required,4,3.0,3.0,0,0.0
poem_required_4_4,poem_required,4,3.5,4.0,0,0.0
poem_required_5_0,poem_required,5,3.5,4.0,0,1.0
poem_required_5_1,poem_required,5,1.5,4.5,0,1.0
poem_required_5_2,poem_required,5,2.5,4.5,0,1.0
poem_required_5_3,poem_required,5,2.0,3.5,0,1.0
poem_required_5_4,poem_required,5,3.5,4.0,0,1.0
poem_required_6_0,poem_required,6,1.5,4.0,0,1.0
poem_required_6_1,poem_required,6,2.0,5.0,0,0.0
poem_required_6_2,poem_required,6,3.0,5.0,0,0.0
poem_required_6_3,poem_required,6,2.5,3.5,0,0.0
poem_required_6_4,poem_required,6,3.0,3.5,0,0.0
poem_required_7_0,poem_required,7,4.0,3.5,0,1.0
poem_required_7_1,poem_required,7,1.5,4.0,0,1.0
poem_required_7_2,poem_required,7,2.5,4.5,0,1.0
poem_required_7_3,poem_required,7,3.5,3.5,0,1.0
poem_required_7_4,poem_required,7,3.0,4.5,0,0.0
distant_paragraph_required_0_0,distant_paragraph_required,0,4.0,4.0,1,1.0
distant_paragraph_required_0_1,distant_paragraph_required,0,1.5,4.5,0,0.0
distant_paragraph_required_0_2,distant_paragraph_required,0,3.0,4.0,0,0.0
distant_paragraph_required_0_3,distant_paragraph_required,0,3.5,3.5,0,0.0
distant_paragraph_required_0_4,distant_paragraph_required,0,3.0,3.0,0,0.0
distant_paragraph_required_1_0,distant_paragraph_required,1,5.0,3.5,0,1.0
distant_paragraph_required_1_1,distant_paragraph_required,1,2.5,5.0,0,0.0
distant_paragraph_required_1_2,distant_paragraph_required,1,2.5,4.0,0,0.0
distant_paragraph_required_1_3,distant_paragraph_required,1,2.5,3.5,0,0.0
distant_paragraph_required_1_4,distant_paragraph_required,1,4.5,3.0,0,0.5
distant_paragraph_required_2_0,distant_paragraph_required,2,3.5,4.0,0,1.0
distant_paragraph_required_2_1,distant_paragraph_required,2,2.0,4.0,0,1.0
distant_paragraph_required_2_2,distant_paragraph_required,2,2.0,5.0,0,0.0
distant_paragraph_required_2_3,distant_paragraph_required,2,3.5,4.0,0,1.0
distant_paragraph_required_2_4,distant_paragraph_required,2,3.0,4.0,0,1.0
distant_paragraph_required_3_0,distant_paragraph_required,3,1.5,5.0,0,0.0
distant_paragraph_required_3_1,distant_paragraph_required,3,2.0,4.0,0,1.0
distant_paragraph_required_3_2,distant_paragraph_required,3,2.5,4.0,0,0.0
distant_paragraph_required_3_3,distant_paragraph_required,3,2.5,5.0,0,0.0
distant_paragraph_required_3_4,distant_paragraph_required,3,3.5,4.0,0,0.0
distant_paragraph_required_4_0,distant_paragraph_required,4,3.0,3.5,0,1.0
distant_paragraph_required_4_1,distant_paragraph_required,4,2.0,5.0,0,0.0
distant_paragraph_required_4_2,distant_paragraph_required,4,3.5,4.0,0,1.0
distant_paragraph_required_4_3,distant_paragraph_required,4,3.0,4.0,0,0.0
distant_paragraph_required_4_4,distant_paragraph_required,4,3.5,4.5,0,0.0
distant_paragraph_required_5_0,distant_paragraph_required,5,3.0,2.0,0,1.0
distant_paragraph_required_5_1,distant_paragraph_required,5,4.0,3.0,0,1.0
distant_paragraph_required_5_2,distant_paragraph_required,5,2.0,5.0,0,1.0
distant_paragraph_required_5_3,distant_paragraph_required,5,3.5,3.0,0,1.0
distant_paragraph_required_5_4,distant_paragraph_required,5,3.0,4.0,0,0.0
distant_paragraph_required_6_0,distant_paragraph_required,6,3.0,4.0,0,1.0
distant_paragraph_required_6_1,distant_paragraph_required,6,1.5,4.5,0,1.0
distant_paragraph_required_6_2,distant_paragraph_required,6,2.5,5.0,0,0.0
distant_paragraph_required_6_3,distant_paragraph_required,6,3.0,3.5,0,1.0
distant_paragraph_required_6_4,distant_paragraph_required,6,3.0,3.0,0,1.0
distant_paragraph_required_7_0,distant_paragraph_required,7,1.5,4.0,0,1.0
distant_paragraph_required_7_1,distant_paragraph_required,7,2.0,5.0,0,0.0
distant_paragraph_required_7_2,distant_paragraph_required,7,4.0,3.0,0,1.0
distant_paragraph_required_7_3,distant_paragraph_required,7,3.0,3.5,0,0.0
distant_paragraph_required_7_4,distant_paragraph_required,7,2.5,4.0,0,1.0
random_tokens_required_0_0,random_tokens_required,0,2.5,3.0,0,1.0
random_tokens_required_0_1,random_tokens_required,0,3.0,4.0,0,1.0
random_tokens_required_0_2,random_tokens_required,0,3.5,3.5,0,0.0
random_tokens_required_0_3,random_tokens_required,0,1.5,4.5,0,0.0
random_tokens_required_0_4,random_tokens_required,0,3.0,4.0,0,0.0
random_tokens_required_1_0,random_tokens_required,1,2.0,4.0,0,1.0
random_tokens_required_1_1,random_tokens_required,1,1.5,4.5,0,0.0
random_tokens_required_1_2,random_tokens_required,1,2.5,5.0,0,0.0
random_tokens_required_1_3,random_tokens_required,1,3.0,4.0,0,0.0
random_tokens_required_1_4,random_tokens_required,1,4.0,4.0,1,0.0
random_tokens_required_2_0,random_tokens_required,2,2.0,2.0,0,1.0
random_tokens_required_2_1,random_tokens_required,2,1.5,3.5,0,0.0
random_tokens_required_2_2,random_tokens_required,2,1.0,5.0,0,0.0
random_tokens_required_2_3,random_tokens_required,2,2.0,4.0,0,0.0
random_tokens_required_2_4,random_tokens_required,2,4.0,4.0,1,0.0
random_tokens_required_3_0,random_tokens_required,3,1.5,3.5,0,1.0
random_tokens_required_3_1,random_tokens_required,3,1.5,5.0,0,0.0
random_tokens_required_3_2,random_tokens_required,3,1.0,4.5,0,0.0
random_tokens_required_3_3,random_tokens_required,3,3.0,3.5,0,0.0
random_tokens_required_3_4,random_tokens_required,3,3.5,4.0,0,0.0
random_tokens_required_4_0,random_tokens_required,4,1.0,4.0,0,1.0
random_tokens_required_4_1,random_tokens_required,4,1.5,4.5,0,0.0
random_tokens_required_4_2,random_tokens_required,4,3.0,3.5,0,0.0
random_tokens_required_4_3,random_tokens_required,4,2.5,4.5,0,0.0
random_tokens_required_4_4,random_tokens_required,4,4.0,3.5,0,0.0
random_tokens_required_5_0,random_tokens_required,5,2.0,2.5,0,1.0
random_tokens_required_5_1,random_tokens_required,5,4.5,3.0,0,1.0
random_tokens_required_5_2,random_tokens_required,5,2.5,3.0,0,1.0
random_tokens_required_5_3,random_tokens_required,5,2.5,5.0,0,0.0
random_tokens_required_5_4,random_tokens_required,5,4.0,3.0,0,1.0
random_tokens_required_6_0,random_tokens_required,6,2.0,3.5,0,1.0
random_tokens_required_6_1,random_tokens_required,6,2.5,5.0,0,0.0
random_tokens_required_6_2,random_tokens_required,6,2.0,4.0,0,0.0
random_tokens_required_6_3,random_tokens_required,6,3.0,3.0,0,0.0
random_tokens_required_6_4,random_tokens_required,6,2.5,3.5,0,0.0
random_tokens_required_7_0,random_tokens_required,7,4.0,2.5,0,1.0
random_tokens_required_7_1,random_tokens_required,7,1.0,5.0,0,0.0
random_tokens_required_7_2,random_tokens_required,7,2.5,5.0,0,0.0
random_tokens_required_7_3,random_tokens_required,7,3.5,3.5,0,0.0
random_tokens_required_7_4,random_tokens_required,7,3.0,4.0,0,0.0
