arm,idea_id,cluster,title_stripped,novelty,usefulness
persona,persona_2_0,0,Hysteresis mapping by ramping AP-1 input up and down,4.0,4.0
persona,persona_7_0,0,Hysteresis and bistability test of path-dependence,4.0,4.0
self_designed,self_designed_1_3,3,Time-resolved mapping of persistent versus transient AP-1-opened sites,4.0,4.0
self_designed,self_designed_2_3,2,Optogenetic pulse-pattern writing and erasing of memory,4.0,4.0
self_designed,self_designed_4_1,1,AP-1 motif editing at sites made accessible by prior stimulation,4.0,4.0
self_designed,self_designed_6_3,0,Single-cell lineage-tracked memory persistence,4.0,4.0
poem_required,poem_required_3_4,0,Synthetic enhancer-memory reporter and sufficiency test,4.0,4.0
random_tokens_required,random_tokens_required_0_2,1,Optogenetic pulse-history encoding,4.0,4.0
random_tokens_required,random_tokens_required_5_1,0,Combinatorial AP-1 dimer composition perturbation,4.0,4.0
self_designed_required,self_designed_required_2_1,1,Footprinting of chromatin state after AP-1 loss,4.0,4.5
self_designed_required,self_designed_required_5_0,2,Periodic AP-1 stimulation with varied schedule,4.0,4.0
self_designed_required,self_designed_required_7_3,0,Optogenetic or chemogenetic AP-1 induction with sufficiency tests,4.5,4.0
word_salad_required,word_salad_required_3_4,0,Synthetic sufficiency and dose-history test with optogenetic AP-1 and a mathematical model,4.0,4.0
instruction_only,instruction_only_0_1,6,Fos-driven permanent labeling of previously activated cells,4.0,4.0
instruction_only,instruction_only_0_3,0,Mitotic chromatin profiling of AP-1 with acute degron depletion,4.0,4.0
instruction_only,instruction_only_1_0,1,Hysteresis in AP-1 occupancy and target expression under ramped stimulus,4.5,4.0
instruction_only,instruction_only_1_2,4,AP-1-driven Cre or recorder tagging of past AP-1 activity,4.0,4.0
instruction_only,instruction_only_2_3,3,Inheritance of AP-1 state across cell divisions and mitotic bookmarking,4.0,4.0
instruction_only,instruction_only_3_0,1,"Hysteresis of AP-1 occupancy, accessibility and transcription",4.0,4.0
instruction_only,instruction_only_4_0,0,Hysteresis of AP-1 occupancy and chromatin accessibility with acute degron test,4.5,4.0
instruction_only,instruction_only_4_3,5,Single-cell test for bistability from AP-1 positive feedback,4.0,4.0
instruction_only,instruction_only_6_4,2,Synthetic AP-1 site reporter to test sufficiency for stable ON state,4.0,4.0
stream_parallel_required,stream_parallel_required_0_2,2,Decay kinetics of the remembered state,4.0,4.0
stream_parallel_required,stream_parallel_required_0_3,1,Staged AP-1 removal after priming with dominant-negative and degron perturbations,4.0,4.5
stream_parallel_required,stream_parallel_required_2_0,0,Sweep-rate and relaxation controls for AP-1 hysteresis,5.0,4.0
