prompt_type,arm,novelty_stripped,usefulness_stripped,useful_novel_stripped,distinct_useful_novel_stripped,novelty_written,usefulness_written,distinct_useful_novel_written,forced_reference_written,clusters_written,clusters_stripped
Plain prompt,plain,2.09,4.19,0,0,2.05,4.33,0,0.0,13,13
Verbalized sampling,verbalized_sampling,1.66,3.89,0,0,1.61,3.99,0,0.0,9,10
Personas,persona,3.33,3.54,2,1,3.25,3.62,1,0.14,28,25
Poem (optional),poem,2.05,4.19,0,0,1.9,4.28,0,0.0,11,11
Paragraph (optional),distant_paragraph,2.01,4.12,0,0,1.88,4.28,0,0.0,11,10
Random tokens (optional),random_tokens,2.02,4.08,0,0,1.85,4.19,0,0.0,9,8
Self-designed (optional),self_designed,3.3,3.81,5,2,3.38,3.7,4,0.49,31,21
Word salad (optional),word_salad,2.19,4.21,1,1,2.01,4.41,0,0.0,12,12
Semi-random (optional),semi_random,1.96,4.19,1,1,1.89,4.36,0,0.0,12,12
Poem (required),poem_required,2.31,4.15,2,2,2.29,4.2,1,0.55,26,21
Paragraph (required),distant_paragraph_required,2.67,4.03,0,0,2.59,3.99,0,0.51,26,22
Random tokens (required),random_tokens_required,2.34,4.14,1,1,2.23,4.08,2,0.3,21,17
Self-designed (required),self_designed_required,3.7,3.65,5,5,3.8,3.44,3,0.76,33,23
Word salad (required),word_salad_required,2.38,4.06,1,1,2.35,4.15,1,0.25,19,18
Semi-random (required),semi_random_required,2.19,4.2,0,0,2.15,4.2,0,0.49,17,14
Instruction only,instruction_only,3.46,3.95,13,6,3.51,3.77,7,0.57,22,18
"Essay, any topic",stream_blind_required,2.81,3.95,0,0,2.84,3.98,0,0.59,20,15
"Essay, random domain",stream_seeded_required,2.51,4.14,1,1,2.52,4.15,0,0.57,24,21
"Essay, parallel problem",stream_parallel_required,4.03,3.33,4,4,4.19,3.23,3,0.55,24,21
