example,idea_id,arm,call,title_written,title_stripped,novelty_stripped,usefulness_stripped,useful_novel_stripped
plain_0,plain_0_0,plain,0,Transient stimulus with long-term chromatin accessibility tracking,Long-term chromatin accessibility tracking after a transient stimulus,1.0,5.0,0
plain_0,plain_0_1,plain,0,Acute AP-1 degradation or dominant-negative block during vs after priming,Acute AP-1 degradation or dominant-negative block during vs. after priming,2.0,5.0,0
plain_0,plain_0_2,plain,0,Single-cell multiome linking AP-1 motif accessibility to response history,Single-cell multiome linking AP-1 motif accessibility to response history,2.0,4.0,0
plain_0,plain_0_3,plain,0,Synthetic AP-1 sufficiency test with optogenetic or chemogenetic control,Sufficiency of AP-1 activity using optogenetic or chemogenetic control,2.0,4.0,0
plain_0,plain_0_4,plain,0,Site-specific perturbation of memory enhancers and cooperating factors,Site-specific perturbation of memory enhancers and cooperating factors,3.0,3.5,0
plain_5,plain_5_0,plain,5,Transient stimulus with long-term chromatin accessibility tracking,Transient stimulus with long-term chromatin accessibility tracking,1.0,4.0,0
plain_5,plain_5_1,plain,5,Re-stimulation (primed) response assay with AP-1 dependence,Re-stimulation (primed) response assay with AP-1 dependence,2.0,5.0,0
plain_5,plain_5_2,plain,5,Optogenetic or chemogenetic AP-1 pulse-chase,Optogenetic or chemogenetic AP-1 pulse-chase,3.0,4.5,0
plain_5,plain_5_3,plain,5,Single-cell multiome and lineage-tracing of memory inheritance,Single-cell multiome and lineage tracing of memory inheritance,2.5,4.0,0
plain_5,plain_5_4,plain,5,"Chromatin mechanism dissection: pioneer activity, histone marks and feedback loops","Chromatin mechanism dissection: pioneer activity, histone marks and feedback loops",2.5,3.0,0
poem_required_0,poem_required_0_0,poem_required,0,Persistence after stimulus withdrawal (the song that never stops),Persistence of AP-1 binding and accessibility after stimulus withdrawal,1.0,4.5,0
poem_required_0,poem_required_0_1,poem_required,0,Sensitivity to the second stimulus (the sweetest tune in the gale),Sensitivity to the second stimulus in primed versus naive cells,1.0,4.0,0
poem_required_0,poem_required_0_2,poem_required,0,Necessity and sufficiency by acute perturbation,Necessity and sufficiency by acute perturbation,2.0,4.5,0
poem_required_0,poem_required_0_3,poem_required,0,Single-cell tracking of AP-1 activity and heritability,Single-cell tracking of AP-1 activity and heritability,3.0,4.0,0
poem_required_0,poem_required_0_4,poem_required,0,Chromatin mechanism and the independence test,Chromatin mechanism and independence test,2.0,4.0,0
instruction_only_0,instruction_only_0_0,instruction_only,0,Hysteresis curves from magnetic materials,Hysteresis of AP-1 target expression with dominant-negative control,4.0,4.0,1
instruction_only_0,instruction_only_0_1,instruction_only,0,Engram tagging from neuroscience,Fos-driven permanent labeling of previously activated cells,3.5,3.5,0
instruction_only_0,instruction_only_0_2,instruction_only,0,Epidemic-style cell-lineage tracking (pedigree analysis from population genetics),Lineage-based autocorrelation of AP-1 activity across cell divisions,3.5,4.0,0
instruction_only_0,instruction_only_0_3,instruction_only,0,Molecular 'bookmarking' as in library cataloguing: mitotic chromatin profiling,Mitotic chromatin profiling of AP-1 with acute degron depletion,4.0,3.5,0
instruction_only_0,instruction_only_0_4,instruction_only,0,Fault-tolerance testing from engineering: perturbation and rescue of the feedback circuit,Modeling and perturbing the AP-1 autoregulatory loop,4.0,4.0,1
stream_parallel_required_1,stream_parallel_required_1_0,stream_parallel_required,1,Hysteresis loop of AP-1 dose-response,Hysteresis in the AP-1 dose-response,4.5,3.0,0
stream_parallel_required_1,stream_parallel_required_1_1,stream_parallel_required,1,Remanence decay and erasure by decaying pulses,Decay kinetics of AP-1 memory and erasure by decaying pulses or degradation,4.0,3.0,0
stream_parallel_required_1,stream_parallel_required_1_2,stream_parallel_required,1,First-order reversal curve census of AP-1 sites,First-order reversal curve analysis of AP-1 sites,5.0,2.0,0
stream_parallel_required_1,stream_parallel_required_1_3,stream_parallel_required,1,Stepwise peeling of layered memory by order-of-exposure experiments,Order-of-exposure experiments to resolve layered memory,4.5,3.5,0
stream_parallel_required_1,stream_parallel_required_1_4,stream_parallel_required,1,Switch versus coupling test via perturbation of cooperativity,Distinguishing site-intrinsic from network-based memory by perturbing cooperativity,4.0,3.5,0
